{"cameraMode":{"drawMode":0,"name":"Shaded","section":"Shading Mode"},"sceneLighting":true,"audioPlay":false,"sceneViewState":{"m_AlwaysRefresh":false,"showFog":true,"showSkybox":true,"showFlares":true,"showImageEffects":true,"showParticleSystems":true,"showVisualEffectGraphs":true,"m_FxEnabled":true},"in2DMode":false,"pivot":{"x":1.6741862297058106,"y":1.5678744316101075,"z":-2.7729997634887697},"rotation":{"x":-0.0669107437133789,"y":0.9197059273719788,"z":-0.17955870926380158,"w":-0.34271860122680666},"size":0.4697835147380829,"orthographic":false}